Workbook

Sheet BASE
A4: 218618 | B4: 45722 | C4: 0.33333333 | D4: HOMERO DA SILVEIRA | E4: EHR3D61 | F4: 8164368865 | J4: 0 | K4: 303421.38 | L4: 122.55 | M4: 45722 | N4: 0.99027778 | P4: N | Q4: N | R4: I | T4: 12992 | Z4: : | AB4: : | AC4: 3637 | AD4: N | AF4: 16981040759 | AL4: ARACATUBA/LINS | AP4: A | AS4: HOMERO DA SILVEIRA 08164368865 | AV4: 1331.91 | AX4: 0 | AY4: 0 | AZ4: 0 | BB4: 0 | BC4: LOGMED RIBEIRAO PRETO | BG4: N | BH4: 14 | BI4: 27 | BM4: RIAADE SUPRIMENTOS MEDICOS LTDA, UNIMED ARACATUBA COOP. DE, JOHNSON & JOHNSON DO BRASIL INDUSTRIA E COMERCIO D, UNIMED DE LINS COOPERATIVA DE TRABALHO MEDICO, UNIMED DE BIRIGUI COOPERATIVA DE TRABALHO MEDICO, SAUDE HOME CARE | BN4: 0 | BO4: Agregado | BQ4: TATIANA BUENO SILVÉR | BR4: 45722.333 | BS4: THOMPSON SANTOS DE S | BT4: 45722.99 | BU4: 122.55 | BV4: 34640746000181 | BW4: GUARULHOS/CAMPINAS/RIBEIRAO PRETO | CA4: 0 | CB4: 0
A5: 219272 | B5: 45727 | C5: 0.33055556 | D5: HOMERO DA SILVEIRA | E5: EHR3D61 | F5: 8164368865 | J5: 0 | K5: 22823.29 | L5: 64.98 | M5: 45728 | N5: 0.01875 | P5: N | Q5: N | R5: I | T5: 12992 | Z5: : | AB5: : | AC5: 3637 | AD5: N | AF5: 16981040759 | AL5: LINS/PIRAJUI/ARACATUBA | AP5: A | AS5: HOMERO DA SILVEIRA 08164368865 | AV5: 436.34 | AX5: 0 | AY5: 0 | AZ5: 0 | BB5: 0 | BC5: LOGMED RIBEIRAO PRETO | BG5: N | BH5: 7 | BI5: 12 | BM5: R GONCALVES, PROMEDON DO BRASIL PRODUTOS MEDICOS HOSP LTDA, RIAADE SUPRIMENTOS MEDICOS LTDA, ZENTYS MEDICAL, UNIMED ARACATUBA COOP. DE, JOHNSON & JOHNSON DO BRASIL INDUSTRIA E COMERCIO D, DICA DIAGNOSTICA | BN5: 0 | BO5: Agregado | BQ5: TATIANA BUENO SILVÉR | BR5: 45727.331 | BS5: THOMPSON SANTOS DE S | BT5: 45728.019 | BU5: 64.98 | BV5: 34640746000181 | BW5: SAO JOSE DOS CAMPOS/INDAIATUBA/ATIBAIA/GUARULHOS/RIBEIRAO PR | CA5: 0 | CB5: 0
A6: 219507 | B6: 45728 | C6: 0.35694444 | D6: HOMERO DA SILVEIRA | E6: EHR3D61 | F6: 8164368865 | J6: 0 | K6: 149693.89 | L6: 231 | M6: 45728 | N6: 0.98125 | P6: N | Q6: N | R6: I | T6: 12992 | Z6: : | AB6: : | AC6: 3637 | AD6: N | AF6: 16981040759 | AL6: LENCOIS PAULISTA/BAURU/JAU | AP6: A | AS6: HOMERO DA SILVEIRA 08164368865 | AV6: 1679.1 | AX6: 0 | AY6: 0 | AZ6: 0 | BB6: 0 | BC6: LOGMED RIBEIRAO PRETO | BG6: N | BH6: 19 | BI6: 51 | BM6: R GONCALVES, RIAADE SUPRIMENTOS MEDICOS LTDA, UNIMED BAURU COOPERAT DE TRABALHO MEDICO, ZENTYS MEDICAL, SMITH NEPHEW COMERCIO DE PRODUTOS MEDICOS LTDA., JOHNSON & JOHNSON DO BRASIL INDUSTRIA E COMERCIO D, HANDLE COMERCIO DE EQUIPAMENTOS MED LTDA, LIFEMED INDUSTRIAL DE EQUIPAMENTOS E ARTIGOS MEDIC | BN6: 0 | BO6: Agregado | BQ6: TATIANA BUENO SILVÉR | BR6: 45728.358 | BS6: LUIZ EDUARDO DA SILV | BT6: 45728.981 | BU6: 231 | BV6: 34640746000181 | BW6: GUARULHOS/SAO JOSE DOS CAMPOS/RIBEIRAO PRETO/PORTO ALEGRE/IN | CA6: 0 | CB6: 0

Sheet Plan1
A1: MOTORISTA | B1: ELAINE MARIA JULIO
A7: VALOR RECEBIDO PELO FRETE | C7: VALOR DA NOTA DO MOTORISTA: | F7: MANIFESTO
A8: =SUM(A9:A47) -> 3447.35 | C8: 2428 | F8: =BASE!A4 -> 218618
A9: =BASE!AV4 -> 1331.91 | F9: =BASE!A5 -> 219272
A10: =BASE!AV5 -> 436.34 | F10: =BASE!A6 -> 219507
A11: =BASE!AV6 -> 1679.1 | F11: =BASE!A7 -> 0
A12: =BASE!AV7 -> 0 | F12: =BASE!A8 -> 0
A13: =BASE!AV8 -> 0 | F13: =BASE!A9 -> 0
A14: =BASE!AV9 -> 0 | F14: =BASE!A10 -> 0
A15: =BASE!AV10 -> 0 | F15: =BASE!A11 -> 0
A16: =BASE!AV11 -> 0 | F16: =BASE!A12 -> 0
A17: =BASE!AV12 -> 0
A18: =BASE!AV13 -> 0
A19: =BASE!AV14 -> 0
A20: =BASE!AV15 -> 0
A21: =BASE!AV16 -> 0
A22: =BASE!AV17 -> 0
A23: =BASE!AV18 -> 0
A24: =BASE!AV19 -> 0
A25: =BASE!AV20 -> 0
A26: =BASE!AV21 -> 0
A27: =BASE!AV22 -> 0

Sheet Ficha de Solicitação
A4: FORMULÁRIO PARA SOLICITAÇÃO DE TRANSPORTES
B5: ORIGEM: | C5: RIBEIRÃO PRETO | F5: DESTINO: | G5: DIVERSOS
A7: DATAS ESTIMADAS
A8: PREVISÃO DE SAÍDA: | D8: 45717 | F8: HORA: | G8: 0.33333333
A10: PREVISÃO DE RETORNO: | D10: 45731 | F10: HORA: | G10: 0.33333333
A12: TIPO VEICULO:
B13: (X) FIORINO | C13: () VAN | D13: () 3/4 | E13: () TOCO | F13: () TRUCK | G13: ( ) VAN | H13: () MOTOBOY
B14: () DOBLO
A15: DADOS PRESTADOR / AGREGADO
B17: NOME DO MOTORISTA: | D17: =Plan1!B1 -> ELAINE MARIA JULIO
B18: PLACA DO VEÍCULO: | D18: =IFERROR(VLOOKUP(D17,CADASTRO!A1:'CADASTRO'!C29,3,0),"") -> FKI8E23
B19: CNPJ/CPF: | D19: =IFERROR(VLOOKUP(D17,CADASTRO!A1:C29,2,0),"") -> 55.319.804/0001-40
C21: JUSTIFICATIVA DA SOLICITAÇÃO:
A23: MOTORISTA: | F23: =D17 -> ELAINE MARIA JULIO
A24: MANIFESTO: | E24: =_xlfn.TEXTJOIN("/ ",,Plan1!F8:F786) -> 218618/ 219272/ 219507/ 0/ 0/ 0/ 0/ 0/ 0
B26: VALOR PAGO PELO FRETE: | G26: =Plan1!C8 -> 2428
B28: VALOR RECEBIDO PELO FRETE | G28: =Plan1!A8 -> 3447.35
B30: PORCENTAGEM GANHO FRETE | G30: =(G28/G26)-1 -> 0.41983114
B32: DATA ENVIO DOCUMENTAÇÃO | H32: 45734
B34: DATA PREVISTA PARA O PAGAMENTO | H34: 45747
B37: GRAU DE APROVAÇÃO
A39: ( ) C.O.L | C39: ( ) Coordenador | F39: () Gerente | H39: () Diretor
A40: Até R$500,00 | C40: Até R$2.000,00 | F40: Até R$10.000,00 | H40: Acima de R$10.000,00
B43: (X) APROVADO | F43: ( ) REPROVADO
A46: JOSÉ CARLOS | G46: CLAUDINEI OLIVEIRA

Sheet CADASTRO
A1: NOME | B1: CNPJ | C1: PLACA
A2: AJGP TRANSPORTES | B2: 24567746000140 | C2: SVU4F18
A3: ALTAIR DE SOUZA LIMA | B3: 36629994000157 | C3: GFD5E70
A4: CARLOS ALBERTO MISSIMA JR | B4: 33734357000152 | C4: PZG-5430
A5: CRISTIANO ALVES DE MENEZES | B5: 35781553000103 | C5: GHV2C70
A6: HOMERO DA SILVEIRA | B6: 34640746000181 | C6: EHR3D61
A7: MATHEUS ANDRE FREGONESI | B7: 49.139.290/0001-48 | C7: FRW7H86
A8: LUIZ EDUARDO DE SOUZA DA SILVA | B8: 51.202.823/0001-30 | C8: EPS9H66
A9: LUIS FERNANDO GOMES CORREA | B9: 42.664.247/0001-52 | C9: GCI2C67
A10: ROGERIO TAVARES NOBREGA DE MORAES | B10: 53.996.225/0001-06 | C10: GFA-4C45
A11: MARIA DE LOURDES DA SILVA | B11: 52.184.960/0001-52 | C11: FTH3R33
A12: LATINS TRANSPORTES | B12: 50.062.976/0001-67 | C12: FFM0C55
A13: ILSON JOSE DEL MASQUIO JUNIOR | B13: 48.029.224/0001-52 | C13: QUY9G24
A14: LEANDRO MARCELO TRIVILIN | B14: 55.474.459/0001-19 | C14: RTB0G57
A15: ELAINE MARIA JULIO | B15: 55.319.804/0001-40 | C15: FKI8E23
A16: EURIPEDES RODRIGUES DA SILVA | B16: 54.782.422/0001-95 | C16: GFI0H89
A17: MARCELO HENRIQUE LONGO | B17: 44.661.781/0001-30 | C17: EVJ3E53
A18: ADINELIS BARBOSA ANDRE | B18: 37.734.042/0001-66 | C18: FJX6697
A19: PEDRO VICTOR MIRANDOLA CASTELEIRA | B19: 55.942.319/0001-28 | C19: GFJ8E81

Sheet VALOR FECHAMENTO
A1: MOTORISTA | B1: Soma de FRETE PAGO
A2: AJGP TRANSPORTES | B2: 3933
A3: ALTAIR DE SOUZA LIMA | B3: 6495
A4: CARLOS ALBERTO MISSIMA JUNIOR | B4: 3126
A5: CRISTIANO ALVES DE MENEZES | B5: 7074
A6: ELAINE MARIA JULIO | B6: 5331
A7: EURIPEDES SILVA | B7: 6767
A8: ILSON JOSE DEL MASQUIO JUNIOR | B8: 7311
A9: LEANDRO TRIVILIN | B9: 4013
A10: LUIS FERNANDO GOMES | B10: 5725
A11: MARCELO HENRIQUE LONGO | B11: 1128
A12: MARIA DE LOURDES DA SILVA | B12: 6491
A13: MATHEUS ANDRE FREGONESI | B13: 5550
A15: Total Geral | B15: =SUM(B2:B14) -> 62944
